view,slice,h_norm_top,h_norm_bot,h_m_top,h_m_bot,xmin_m,xmax_m,outer_w_m,solid_w_m,centre_offset_m
front,0,1.0,0.99,2.4,2.376,0.08514344262295082,0.24375,0.058970286885245894,0.058954918032786886,0.1644467213114754
front,1,0.99,0.98,2.376,2.352,0.042110655737704915,0.29784836065573767,0.2114139344262295,0.17415983606557378,0.1699795081967213
front,2,0.98,0.97,2.352,2.328,-0.021209016393442623,0.30645491803278685,0.1675665983606557,0.0992827868852459,0.14262295081967213
front,3,0.97,0.96,2.328,2.304,-0.031045081967213114,0.07469262295081967,0.09490266393442623,0.09490266393442623,0.021823770491803278
front,4,0.96,0.95,2.304,2.28,-0.10665983606557376,0.11219262295081966,0.17867827868852457,0.14309938524590163,0.0027663934426229507
front,5,0.95,0.94,2.28,2.256,-0.1158811475409836,0.11342213114754097,0.17663422131147538,0.09252049180327869,-0.0012295081967213114
front,6,0.94,0.9299999999999999,2.256,2.2319999999999998,-0.12879098360655736,0.0298155737704918,0.1517827868852459,0.07732069672131148,-0.04948770491803278
front,7,0.9299999999999999,0.92,2.2319999999999998,2.208,-0.13801229508196722,0.0298155737704918,0.16427766393442625,0.08097848360655736,-0.054098360655737705
front,8,0.92,0.91,2.208,2.184,-0.14661885245901637,0.21608606557377047,0.260655737704918,0.08987704918032786,0.03473360655737705
front,9,0.91,0.9,2.184,2.16,-0.16629098360655736,0.25973360655737704,0.40158811475409834,0.16287909836065573,0.04672131147540983
front,10,0.9,0.89,2.16,2.136,-0.16629098360655736,0.25973360655737704,0.38182377049180327,0.18041495901639346,0.04672131147540983
front,11,0.89,0.88,2.136,2.112,-0.15030737704918032,0.19825819672131145,0.3348258196721311,0.21620901639344262,0.023975409836065574
front,12,0.88,0.87,2.112,2.088,-0.1355532786885246,0.24866803278688523,0.33597061175529785,0.2798030787684926,0.056557377049180325
front,13,0.87,0.86,2.088,2.064,-0.10973360655737704,0.336577868852459,0.38116290983606554,0.369421106557377,0.11342213114754097
front,14,0.86,0.85,2.064,2.04,-0.0673155737704918,0.3132172131147541,0.3475358606557377,0.3475358606557377,0.12295081967213115
front,15,0.85,0.84,2.04,2.016,-0.07592213114754098,0.3156762295081967,0.34590676229508194,0.3350409836065574,0.11987704918032786
front,16,0.84,0.83,2.016,1.9919999999999998,-0.01997950819672131,0.2757172131147541,0.2578893442622951,0.246608606557377,0.12786885245901639
front,17,0.83,0.8200000000000001,1.9919999999999998,1.968,-0.052561475409836064,0.22100409836065574,0.2609170081967213,0.19317110655737704,0.08422131147540983
front,18,0.8200000000000001,0.81,1.968,1.944,-0.0451844262295082,0.22223360655737703,0.21118340163934424,0.15055327868852458,0.08852459016393442
front,19,0.81,0.8,1.944,1.92,0.08514344262295082,0.22346311475409836,0.13510758196721312,0.13510758196721312,0.1543032786885246
front,20,0.8,0.79,1.92,1.896,0.09252049180327869,0.22469262295081965,0.13002049180327868,0.13002049180327868,0.15860655737704918
front,21,0.79,0.78,1.896,1.8719999999999999,0.09313524590163934,0.22469262295081965,0.1303125,0.1303125,0.1589139344262295
front,22,0.78,0.77,1.8719999999999999,1.8479999999999999,0.08883196721311475,0.22715163934426227,0.13581454918032787,0.13581454918032787,0.15799180327868853
front,23,0.77,0.76,1.8479999999999999,1.8239999999999998,0.08760245901639344,0.44846311475409834,0.25420081967213115,0.17022540983606554,0.2680327868852459
front,24,0.76,0.75,1.8239999999999998,1.7999999999999998,0.08514344262295082,0.44846311475409834,0.36129098360655737,0.2983555327868852,0.2668032786885246
front,25,0.75,0.74,1.7999999999999998,1.776,0.07653688524590163,0.45645491803278687,0.36788422131147536,0.3570030737704918,0.2664959016393442
front,26,0.74,0.73,1.776,1.752,0.06977459016393442,0.49948770491803274,0.40621413934426226,0.4051229508196721,0.2846311475409836
front,27,0.73,0.72,1.752,1.728,0.06424180327868852,0.5013319672131147,0.43429303278688525,0.43429303278688525,0.2827868852459016
front,28,0.72,0.71,1.728,1.704,0.009528688524590163,0.5001024590163934,0.46022028688524586,0.45766905737704916,0.2548155737704918
front,29,0.71,0.7,1.704,1.68,-0.01137295081967213,0.4976434426229508,0.4997797131147541,0.4997643442622951,0.24313524590163935
front,30,0.7,0.69,1.68,1.656,-0.051331967213114754,0.4951844262295082,0.5218340163934426,0.5217725409836065,0.2219262295081967
front,31,0.69,0.6799999999999999,1.656,1.632,-0.0771516393442623,0.4951844262295082,0.5620850409836066,0.5620850409836066,0.20901639344262293
front,32,0.6799999999999999,0.6699999999999999,1.632,1.6079999999999999,-0.1269467213114754,0.5001024590163934,0.5978176229508196,0.5978176229508196,0.186577868852459
front,33,0.6699999999999999,0.6599999999999999,1.6079999999999999,1.5839999999999999,-0.17489754098360655,0.5037909836065574,0.6541444672131147,0.6541444672131147,0.1644467213114754
front,34,0.6599999999999999,0.65,1.5839999999999999,1.56,-0.21424180327868853,0.5050204918032787,0.6989139344262295,0.6989139344262295,0.14538934426229508
front,35,0.65,0.64,1.56,1.536,-0.2406762295081967,0.5037909836065574,0.7318647540983606,0.7318647540983606,0.13155737704918033
front,36,0.64,0.63,1.536,1.512,-0.2406762295081967,0.4945696721311475,0.7298360655737705,0.7298360655737705,0.1269467213114754
front,37,0.63,0.62,1.512,1.488,-0.2283811475409836,0.49395491803278685,0.7164884046381447,0.7164884046381447,0.13278688524590163
front,38,0.62,0.61,1.488,1.464,-0.2197745901639344,0.486577868852459,0.6945645491803278,0.6945645491803278,0.1334016393442623
front,39,0.61,0.6,1.464,1.44,-0.19149590163934424,0.48534836065573767,0.6580635245901639,0.6580635245901639,0.14692622950819673
front,40,0.6,0.5900000000000001,1.44,1.4160000000000001,-0.1755122950819672,0.486577868852459,0.6530071721311475,0.6530071721311475,0.15553278688524588
front,41,0.5900000000000001,0.5800000000000001,1.4160000000000001,1.3920000000000001,-0.20379098360655737,0.48534836065573767,0.6746926229508197,0.6635809426229508,0.14077868852459016
front,42,0.5800000000000001,0.5700000000000001,1.3920000000000001,1.368,-0.2087090163934426,0.49395491803278685,0.6963473360655736,0.659139344262295,0.14262295081967213
front,43,0.5700000000000001,0.56,1.368,1.344,-0.21608606557377047,0.5511270491803278,0.7291905737704918,0.5894569672131147,0.1675204918032787
front,44,0.56,0.55,1.344,1.32,-0.29661885245901637,0.5511270491803278,0.7964907786885246,0.6486885245901639,0.12725409836065574
front,45,0.55,0.54,1.32,1.296,-0.3218237704918033,0.5462090163934425,0.8522950819672132,0.743452868852459,0.11219262295081966
front,46,0.54,0.53,1.296,1.272,-0.34272540983606553,0.5376024590163934,0.8676485655737705,0.7689651639344262,0.09743852459016393
front,47,0.53,0.52,1.272,1.248,-0.3574795081967213,0.5400614754098361,0.8891803278688525,0.7976741803278687,0.09129098360655737
front,48,0.52,0.51,1.248,1.224,-0.36915983606557373,0.5400614754098361,0.9003534836065573,0.8372028688524589,0.08545081967213114
front,49,0.51,0.5,1.224,1.2,-0.3863729508196721,0.5314549180327869,0.9083760245901639,0.8585348360655737,0.07254098360655738
front,50,0.5,0.49,1.2,1.176,-0.4171106557377049,0.5302254098360656,0.9242981557377049,0.8844928278688525,0.056557377049180325
front,51,0.49,0.48,1.176,1.152,-0.4324795081967213,0.518545081967213,0.9376690573770492,0.8827100409836065,0.0430327868852459
front,52,0.48,0.47,1.152,1.128,-0.44600409836065574,0.5087090163934426,0.9472745901639344,0.8412448770491803,0.03135245901639344
front,53,0.47,0.45999999999999996,1.128,1.1039999999999999,-0.46321721311475406,0.50625,0.956357581967213,0.8154559426229507,0.02151639344262295
front,54,0.45999999999999996,0.44999999999999996,1.1039999999999999,1.0799999999999998,-0.48719262295081966,0.4988729508196721,0.9737704918032787,0.8224334016393442,0.005840163934426229
front,55,0.44999999999999996,0.43999999999999995,1.0799999999999998,1.0559999999999998,-0.5050204918032787,0.4976434426229508,0.9939036885245901,0.8707838114754097,-0.003688524590163934
front,56,0.43999999999999995,0.43000000000000005,1.0559999999999998,1.032,-0.5117827868852459,0.4976434426229508,1.006967213114754,0.8986168032786885,-0.007069672131147541
front,57,0.43000000000000005,0.42000000000000004,1.032,1.008,-0.5136270491803279,0.5001024590163934,1.0112704918032787,0.912248975409836,-0.006762295081967213
front,58,0.42000000000000004,0.41000000000000003,1.008,0.984,-0.5087090163934426,0.5013319672131147,1.004016393442623,0.9211629098360655,-0.003688524590163934
front,59,0.41000000000000003,0.4,0.984,0.96,-0.5253073770491803,0.4964139344262295,0.9962858606557377,0.9852202868852459,-0.014446721311475409
front,60,0.4,0.39,0.96,0.9359999999999999,-0.5302254098360656,0.47797131147540983,1.0048002049180327,0.969421106557377,-0.026127049180327867
front,61,0.39,0.38,0.9359999999999999,0.9119999999999999,-0.5511270491803278,0.4804303278688524,1.0065522540983607,0.9063780737704917,-0.0353483606557377
front,62,0.38,0.37,0.9119999999999999,0.888,-0.5001024590163934,0.47797131147540983,0.8030037984806078,0.7787734906037584,-0.011065573770491803
front,63,0.37,0.36,0.888,0.864,-0.31690573770491803,0.49149590163934426,0.7992879098360655,0.7992879098360655,0.08729508196721311
front,64,0.36,0.35,0.864,0.84,-0.32305327868852457,0.504405737704918,0.8187295081967213,0.8187295081967213,0.09067622950819672
front,65,0.35,0.33999999999999997,0.84,0.816,-0.3292008196721311,0.5167008196721311,0.8371106557377049,0.8371106557377049,0.09375
front,66,0.33999999999999997,0.32999999999999996,0.816,0.7919999999999999,-0.3292008196721311,0.5302254098360656,0.8533862704918032,0.8533862704918032,0.10051229508196721
front,67,0.32999999999999996,0.31999999999999995,0.7919999999999999,0.7679999999999999,-0.3292008196721311,0.5400614754098361,0.8641752049180327,0.8641752049180327,0.10543032786885245
front,68,0.31999999999999995,0.31000000000000005,0.7679999999999999,0.7440000000000001,-0.3279713114754098,0.5498975409836065,0.8729200819672132,0.8729200819672132,0.11096311475409835
front,69,0.31000000000000005,0.30000000000000004,0.7440000000000001,0.7200000000000001,-0.3279713114754098,0.5560450819672131,0.8818032786885246,0.8818032786885246,0.11403688524590164
front,70,0.30000000000000004,0.29000000000000004,0.7200000000000001,0.6960000000000001,-0.3279713114754098,0.561577868852459,0.886921106557377,0.886921106557377,0.11680327868852458
front,71,0.29000000000000004,0.28,0.6960000000000001,0.672,-0.3279713114754098,0.5671106557377049,0.8929303278688524,0.8929303278688524,0.11956967213114754
front,72,0.28,0.27,0.672,0.648,-0.3279713114754098,0.5720286885245901,0.8984170081967212,0.8874897540983606,0.12202868852459016
front,73,0.27,0.26,0.648,0.624,-0.3279713114754098,0.5781762295081967,0.9036885245901639,0.8839549180327869,0.12510245901639344
front,74,0.26,0.25,0.624,0.6,-0.3279713114754098,0.5824795081967212,0.9087909836065573,0.8809579918032787,0.12725409836065574
front,75,0.25,0.24,0.6,0.576,-0.3279713114754098,0.5873975409836065,0.9058094262295082,0.8783145491803278,0.12971311475409836
front,76,0.24,0.22999999999999998,0.576,0.5519999999999999,-0.28924180327868854,0.5910860655737704,0.8778227459016392,0.8775768442622951,0.15092213114754097
front,77,0.22999999999999998,0.21999999999999997,0.5519999999999999,0.5279999999999999,-0.2880122950819672,0.5947745901639344,0.875609631147541,0.864467213114754,0.1533811475409836
front,78,0.21999999999999997,0.20999999999999996,0.5279999999999999,0.5039999999999999,-0.2658811475409836,0.5984631147540983,0.8619774590163934,0.8322540983606557,0.16629098360655736
front,79,0.20999999999999996,0.19999999999999996,0.5039999999999999,0.47999999999999987,-0.2646516393442623,0.600922131147541,0.8629764344262295,0.7949231557377049,0.16813524590163934
front,80,0.19999999999999996,0.18999999999999995,0.47999999999999987,0.45599999999999985,-0.2621926229508197,0.6046106557377049,0.8632838114754099,0.7495696721311474,0.1712090163934426
front,81,0.18999999999999995,0.18000000000000005,0.45599999999999985,0.4320000000000001,-0.2578893442622951,0.6058401639344262,0.8574436475409837,0.645,0.17397540983606558
front,82,0.18000000000000005,0.17000000000000004,0.4320000000000001,0.4080000000000001,-0.24866803278688523,0.6082991803278688,0.8554918032786885,0.5172387295081967,0.1798155737704918
front,83,0.17000000000000004,0.16000000000000003,0.4080000000000001,0.38400000000000006,-0.24682377049180326,0.6095286885245902,0.8540471311475409,0.40509221311475413,0.18135245901639344
front,84,0.16000000000000003,0.15000000000000002,0.38400000000000006,0.36000000000000004,-0.24190573770491802,0.6095286885245902,0.8496670081967213,0.31655225409836063,0.18381147540983606
front,85,0.15000000000000002,0.14,0.36000000000000004,0.336,-0.23698770491803278,0.6107581967213115,0.8449487704918033,0.28174180327868853,0.18688524590163932
front,86,0.14,0.13,0.336,0.312,-0.2296106557377049,0.6107581967213115,0.8194364754098361,0.27557889344262293,0.19057377049180327
front,87,0.13,0.12,0.312,0.288,-0.20133196721311475,0.6082991803278688,0.7512295081967213,0.2936425429828069,0.20348360655737704
front,88,0.12,0.10999999999999999,0.288,0.26399999999999996,-0.20379098360655737,0.5388319672131148,0.7322643442622951,0.33748463114754096,0.1675204918032787
front,89,0.10999999999999999,0.09999999999999998,0.26399999999999996,0.23999999999999994,-0.2351434426229508,0.547438524590164,0.747248975409836,0.3568954918032786,0.15614754098360656
front,90,0.09999999999999998,0.08999999999999997,0.23999999999999994,0.21599999999999991,-0.2714139344262295,0.547438524590164,0.8069262295081966,0.4036168032786885,0.13801229508196722
front,91,0.08999999999999997,0.07999999999999996,0.21599999999999991,0.1919999999999999,-0.2757172131147541,0.5707991803278688,0.831531762295082,0.4333094262295082,0.14754098360655737
front,92,0.07999999999999996,0.06999999999999995,0.1919999999999999,0.16799999999999987,-0.28063524590163935,0.5744877049180328,0.8506198770491803,0.46218750000000003,0.14692622950819673
front,93,0.06999999999999995,0.06000000000000005,0.16799999999999987,0.14400000000000013,-0.3255122950819672,0.5757172131147541,0.8808811475409836,0.49257172131147536,0.12510245901639344
front,94,0.06000000000000005,0.050000000000000044,0.14400000000000013,0.1200000000000001,-0.3255122950819672,0.5935450819672131,0.9097899590163934,0.5248309426229508,0.13401639344262295
front,95,0.050000000000000044,0.040000000000000036,0.1200000000000001,0.09600000000000009,-0.32428278688524587,0.6021516393442623,0.9237295081967212,0.5319006147540983,0.1389344262295082
front,96,0.040000000000000036,0.030000000000000027,0.09600000000000009,0.07200000000000006,-0.32428278688524587,0.6070696721311475,0.8932684426229508,0.38405225409836063,0.1413934426229508
front,97,0.030000000000000027,0.020000000000000018,0.07200000000000006,0.04800000000000004,0.35809426229508196,0.6095286885245902,0.25026639344262297,0.25026639344262297,0.48381147540983604
front,98,0.020000000000000018,0.010000000000000009,0.04800000000000004,0.02400000000000002,0.3642418032786885,0.6095286885245902,0.238140368852459,0.238140368852459,0.48688524590163934
front,99,0.010000000000000009,0.0,0.02400000000000002,0.0,0.37100409836065573,0.6021516393442623,0.1953073770491803,0.16085040983606555,0.486577868852459
side,0,1.0,0.99,2.4,2.376,0.11618852459016393,0.2840163934426229,0.10098872950819672,0.0485655737704918,0.20010245901639342
side,1,0.99,0.98,2.376,2.352,0.07868852459016393,0.29938524590163934,0.19157274590163934,0.1008811475409836,0.18903688524590162
side,2,0.98,0.97,2.352,2.328,0.028278688524590163,0.31168032786885247,0.26128586065573767,0.14348360655737705,0.1699795081967213
side,3,0.97,0.96,2.328,2.304,0.014139344262295081,0.3135245901639344,0.23632684426229508,0.133125,0.16383196721311474
side,4,0.96,0.95,2.304,2.28,-0.010450819672131148,0.20717213114754096,0.2055276639344262,0.12130635245901639,0.09836065573770492
side,5,0.95,0.94,2.28,2.256,-0.027663934426229508,0.20225409836065572,0.18706967213114753,0.0994672131147541,0.08729508196721311
side,6,0.94,0.9299999999999999,2.256,2.2319999999999998,-0.042418032786885246,0.1567622950819672,0.1859170081967213,0.10460040983606557,0.05717213114754098
side,7,0.9299999999999999,0.92,2.2319999999999998,2.208,-0.06700819672131147,0.14385245901639343,0.2027151639344262,0.12625512295081967,0.038422131147540985
side,8,0.92,0.91,2.208,2.184,-0.06086065573770492,0.1346311475409836,0.1938780737704918,0.13492315573770491,0.036885245901639344
side,9,0.91,0.9,2.184,2.16,-0.06086065573770492,0.1334016393442623,0.1870235655737705,0.1389497950819672,0.03627049180327869
side,10,0.9,0.89,2.16,2.136,-0.054098360655737705,0.12233606557377048,0.16738217213114753,0.16728995901639343,0.03411885245901639
side,11,0.89,0.88,2.136,2.112,-0.04979508196721311,0.1266393442622951,0.16539959016393443,0.16539959016393443,0.038422131147540985
side,12,0.88,0.87,2.112,2.088,-0.06700819672131147,0.16290983606557377,0.21414434226309473,0.21324470211915234,0.04795081967213115
side,13,0.87,0.86,2.088,2.064,-0.08422131147540983,0.16290983606557377,0.22853483606557376,0.22853483606557376,0.039344262295081964
side,14,0.86,0.85,2.064,2.04,-0.11249999999999999,0.14692622950819673,0.24886782786885245,0.24886782786885245,0.017213114754098358
side,15,0.85,0.84,2.04,2.016,-0.10942622950819672,0.16721311475409836,0.25524590163934424,0.2550768442622951,0.028893442622950818
side,16,0.84,0.83,2.016,1.9919999999999998,-0.11127049180327868,0.1942622950819672,0.2809733606557377,0.2276588114754098,0.04149590163934426
side,17,0.83,0.8200000000000001,1.9919999999999998,1.968,-0.07008196721311476,0.18627049180327868,0.15633196721311476,0.12347336065573769,0.058094262295081966
side,18,0.8200000000000001,0.81,1.968,1.944,-0.04549180327868852,0.06393442622950819,0.10896516393442622,0.10896516393442622,0.009221311475409836
side,19,0.81,0.8,1.944,1.92,-0.04549180327868852,0.06393442622950819,0.1079047131147541,0.1079047131147541,0.009221311475409836
side,20,0.8,0.79,1.92,1.896,-0.04549180327868852,0.06393442622950819,0.10870389344262293,0.10870389344262293,0.009221311475409836
side,21,0.79,0.78,1.896,1.8719999999999999,-0.04549180327868852,0.06700819672131147,0.11105532786885246,0.11105532786885246,0.010758196721311475
side,22,0.78,0.77,1.8719999999999999,1.8479999999999999,-0.04979508196721311,0.07377049180327869,0.11780225409836065,0.11780225409836065,0.011987704918032787
side,23,0.77,0.76,1.8479999999999999,1.8239999999999998,-0.10266393442622951,0.07807377049180328,0.13393954918032785,0.1307889344262295,-0.012295081967213115
side,24,0.76,0.75,1.8239999999999998,1.7999999999999998,-0.17397540983606558,0.0860655737704918,0.21228995901639341,0.20609631147540983,-0.04395491803278688
side,25,0.75,0.74,1.7999999999999998,1.776,-0.19364754098360654,0.10266393442622951,0.2766854508196721,0.2766854508196721,-0.04549180327868852
side,26,0.74,0.73,1.776,1.752,-0.21147540983606555,0.11249999999999999,0.31813524590163933,0.31813524590163933,-0.04948770491803278
side,27,0.73,0.72,1.752,1.728,-0.22745901639344263,0.12233606557377048,0.33923668032786886,0.33923668032786886,-0.052561475409836064
side,28,0.72,0.71,1.728,1.704,-0.22868852459016392,0.12848360655737703,0.35474385245901635,0.35474385245901635,-0.05010245901639344
side,29,0.71,0.7,1.704,1.68,-0.23360655737704916,0.13709016393442622,0.3626280737704918,0.3626280737704918,-0.04825819672131147
side,30,0.7,0.69,1.68,1.656,-0.23668032786885246,0.15,0.3805174180327869,0.3805174180327869,-0.043340163934426225
side,31,0.69,0.6799999999999999,1.656,1.632,-0.2385245901639344,0.15799180327868853,0.39167520491803276,0.39167520491803276,-0.04026639344262295
side,32,0.6799999999999999,0.6699999999999999,1.632,1.6079999999999999,-0.2385245901639344,0.1844262295081967,0.40647540983606556,0.40647540983606556,-0.027049180327868853
side,33,0.6699999999999999,0.6599999999999999,1.6079999999999999,1.5839999999999999,-0.23545081967213113,0.19918032786885245,0.4265010245901639,0.4265010245901639,-0.018135245901639344
side,34,0.6599999999999999,0.65,1.5839999999999999,1.56,-0.22745901639344263,0.20532786885245902,0.42576331967213116,0.42576331967213116,-0.011065573770491803
side,35,0.65,0.64,1.56,1.536,-0.2194672131147541,0.21147540983606555,0.42793032786885243,0.4204918032786885,-0.003995901639344262
side,36,0.64,0.63,1.536,1.512,-0.2194672131147541,0.23606557377049178,0.4420081967213115,0.41946209016393443,0.008299180327868852
side,37,0.63,0.62,1.512,1.488,-0.21639344262295082,0.25696721311475407,0.4647990803678529,0.40747700919632146,0.020286885245901637
side,38,0.62,0.61,1.488,1.464,-0.21639344262295082,0.26311475409836066,0.4766956967213114,0.38136270491803276,0.023360655737704916
side,39,0.61,0.6,1.464,1.44,-0.21331967213114753,0.2680327868852459,0.4503842213114754,0.385281762295082,0.02735655737704918
side,40,0.6,0.5900000000000001,1.44,1.4160000000000001,-0.18504098360655738,0.2680327868852459,0.44286885245901636,0.3877561475409836,0.04149590163934426
side,41,0.5900000000000001,0.5800000000000001,1.4160000000000001,1.3920000000000001,-0.1776639344262295,0.2514344262295082,0.3626434426229508,0.34919569672131145,0.036885245901639344
side,42,0.5800000000000001,0.5700000000000001,1.3920000000000001,1.368,-0.18688524590163932,0.167827868852459,0.3483965163934426,0.3483965163934426,-0.009528688524590163
side,43,0.5700000000000001,0.56,1.368,1.344,-0.23975409836065573,0.1690573770491803,0.38829405737704914,0.3747848360655737,-0.0353483606557377
side,44,0.56,0.55,1.344,1.32,-0.23975409836065573,0.17581967213114752,0.41219262295081965,0.40927254098360655,-0.031967213114754096
side,45,0.55,0.54,1.32,1.296,-0.23975409836065573,0.20040983606557375,0.43112704918032785,0.43112704918032785,-0.019672131147540982
side,46,0.54,0.53,1.296,1.272,-0.242827868852459,0.2194672131147541,0.4564856557377049,0.4564856557377049,-0.011680327868852458
side,47,0.53,0.52,1.272,1.248,-0.24467213114754097,0.21762295081967212,0.4599897540983606,0.4599897540983606,-0.013524590163934426
side,48,0.52,0.51,1.248,1.224,-0.24774590163934426,0.21639344262295082,0.4609579918032787,0.4609579918032787,-0.01567622950819672
side,49,0.51,0.5,1.224,1.2,-0.2471311475409836,0.21639344262295082,0.46022028688524586,0.46022028688524586,-0.015368852459016393
side,50,0.5,0.49,1.2,1.176,-0.242827868852459,0.21331967213114753,0.45468749999999997,0.45468749999999997,-0.014754098360655736
side,51,0.49,0.48,1.176,1.152,-0.242827868852459,0.21639344262295082,0.4583760245901639,0.4583760245901639,-0.013217213114754097
side,52,0.48,0.47,1.152,1.128,-0.2459016393442623,0.21454918032786885,0.4536885245901639,0.4536885245901639,-0.01567622950819672
side,53,0.47,0.45999999999999996,1.128,1.1039999999999999,-0.2520491803278688,0.20717213114754096,0.4551485655737705,0.4551485655737705,-0.022438524590163933
side,54,0.45999999999999996,0.44999999999999996,1.1039999999999999,1.0799999999999998,-0.25881147540983607,0.20348360655737704,0.4542725409836066,0.4542725409836066,-0.027663934426229508
side,55,0.44999999999999996,0.43999999999999995,1.0799999999999998,1.0559999999999998,-0.2680327868852459,0.19733606557377048,0.46075819672131146,0.46075819672131146,-0.0353483606557377
side,56,0.43999999999999995,0.43000000000000005,1.0559999999999998,1.032,-0.2680327868852459,0.19610655737704918,0.46066598360655736,0.46066598360655736,-0.03596311475409836
side,57,0.43000000000000005,0.42000000000000004,1.032,1.008,-0.2680327868852459,0.18627049180327868,0.45018442622950816,0.45018442622950816,-0.040881147540983605
side,58,0.42000000000000004,0.41000000000000003,1.008,0.984,-0.2680327868852459,0.1801229508196721,0.43421618852459015,0.43410860655737704,-0.04395491803278688
side,59,0.41000000000000003,0.4,0.984,0.96,-0.26004098360655736,0.17520491803278687,0.4334631147540984,0.42496413934426225,-0.042418032786885246
side,60,0.4,0.39,0.96,0.9359999999999999,-0.2680327868852459,0.17397540983606558,0.4370594262295082,0.41855532786885247,-0.04702868852459016
side,61,0.39,0.38,0.9359999999999999,0.9119999999999999,-0.2680327868852459,0.1721311475409836,0.4249180327868853,0.3979610655737705,-0.04795081967213115
side,62,0.38,0.37,0.9119999999999999,0.888,-0.25081967213114753,0.12233606557377048,0.36324470211915233,0.35349860055977605,-0.06424180327868852
side,63,0.37,0.36,0.888,0.864,-0.242827868852459,0.11434426229508196,0.3409579918032787,0.31430840163934426,-0.06424180327868852
side,64,0.36,0.35,0.864,0.84,-0.2108606557377049,0.10266393442622951,0.2565215163934426,0.23182377049180328,-0.054098360655737705
side,65,0.35,0.33999999999999997,0.84,0.816,-0.09836065573770492,0.08483606557377049,0.17150102459016395,0.17150102459016395,-0.006762295081967213
side,66,0.33999999999999997,0.32999999999999996,0.816,0.7919999999999999,-0.09405737704918032,0.06700819672131147,0.15321209016393442,0.15321209016393442,-0.013524590163934426
side,67,0.32999999999999996,0.31999999999999995,0.7919999999999999,0.7679999999999999,-0.10635245901639344,0.05225409836065573,0.14389856557377048,0.14389856557377048,-0.027049180327868853
side,68,0.31999999999999995,0.31000000000000005,0.7679999999999999,0.7440000000000001,-0.1192622950819672,0.03872950819672131,0.1478483606557377,0.1478483606557377,-0.04026639344262295
side,69,0.31000000000000005,0.30000000000000004,0.7440000000000001,0.7200000000000001,-0.13094262295081965,0.035655737704918034,0.16089651639344263,0.16089651639344263,-0.04764344262295082
side,70,0.30000000000000004,0.29000000000000004,0.7200000000000001,0.6960000000000001,-0.13770491803278687,0.034426229508196717,0.16811987704918033,0.16811987704918033,-0.05163934426229508
side,71,0.29000000000000004,0.28,0.6960000000000001,0.672,-0.14877049180327867,0.029508196721311473,0.16523053278688524,0.16523053278688524,-0.0596311475409836
side,72,0.28,0.27,0.672,0.648,-0.17151639344262296,0.019672131147540982,0.1727920081967213,0.1727920081967213,-0.07592213114754098
side,73,0.27,0.26,0.648,0.624,-0.2065573770491803,0.006147540983606557,0.18222848360655738,0.18222848360655738,-0.10020491803278687
side,74,0.26,0.25,0.624,0.6,-0.21762295081967212,-0.01290983606557377,0.19324795081967214,0.19324795081967214,-0.11526639344262295
side,75,0.25,0.24,0.6,0.576,-0.2194672131147541,-0.028893442622950818,0.18438012295081968,0.18438012295081968,-0.12418032786885246
side,76,0.24,0.22999999999999998,0.576,0.5519999999999999,-0.22254098360655736,-0.03995901639344262,0.1770030737704918,0.1770030737704918,-0.13125
side,77,0.22999999999999998,0.21999999999999997,0.5519999999999999,0.5279999999999999,-0.22868852459016392,-0.04918032786885246,0.16449282786885244,0.16449282786885244,-0.1389344262295082
side,78,0.21999999999999997,0.20999999999999996,0.5279999999999999,0.5039999999999999,-0.22868852459016392,-0.0706967213114754,0.1541342213114754,0.1541342213114754,-0.14969262295081967
side,79,0.20999999999999996,0.19999999999999996,0.5039999999999999,0.47999999999999987,-0.22868852459016392,-0.07868852459016393,0.14452868852459017,0.14452868852459017,-0.15368852459016394
side,80,0.19999999999999996,0.18999999999999995,0.47999999999999987,0.45599999999999985,-0.22438524590163933,-0.08668032786885245,0.12986680327868852,0.12986680327868852,-0.15553278688524588
side,81,0.18999999999999995,0.18000000000000005,0.45599999999999985,0.4320000000000001,-0.21454918032786885,-0.09467213114754099,0.11276127049180328,0.11276127049180328,-0.1546106557377049
side,82,0.18000000000000005,0.17000000000000004,0.4320000000000001,0.4080000000000001,-0.20717213114754096,-0.10204918032786885,0.0999436475409836,0.0999436475409836,-0.1546106557377049
side,83,0.17000000000000004,0.16000000000000003,0.4080000000000001,0.38400000000000006,-0.20348360655737704,-0.10881147540983606,0.09115266393442623,0.09115266393442623,-0.15614754098360656
side,84,0.16000000000000003,0.15000000000000002,0.38400000000000006,0.36000000000000004,-0.20040983606557375,-0.11311475409836065,0.08505122950819671,0.08505122950819671,-0.1567622950819672
side,85,0.15000000000000002,0.14,0.36000000000000004,0.336,-0.19918032786885245,-0.11618852459016393,0.08177766393442623,0.08177766393442623,-0.15768442622950818
side,86,0.14,0.13,0.336,0.312,-0.20040983606557375,-0.1192622950819672,0.08011782786885245,0.08011782786885245,-0.15983606557377047
side,87,0.13,0.12,0.312,0.288,-0.20348360655737704,-0.12110655737704917,0.08111755297880846,0.08111755297880846,-0.1622950819672131
side,88,0.12,0.10999999999999999,0.288,0.26399999999999996,-0.20717213114754096,-0.1192622950819672,0.08517418032786886,0.08517418032786886,-0.1632172131147541
side,89,0.10999999999999999,0.09999999999999998,0.26399999999999996,0.23999999999999994,-0.21454918032786885,-0.11557377049180327,0.09233606557377048,0.09233606557377048,-0.16506147540983607
side,90,0.09999999999999998,0.08999999999999997,0.23999999999999994,0.21599999999999991,-0.23668032786885246,-0.08668032786885245,0.12528688524590165,0.12524077868852457,-0.16168032786885245
side,91,0.08999999999999997,0.07999999999999996,0.21599999999999991,0.1919999999999999,-0.24774590163934426,-0.07561475409836065,0.16287909836065573,0.16287909836065573,-0.16168032786885245
side,92,0.07999999999999996,0.06999999999999995,0.1919999999999999,0.16799999999999987,-0.24774590163934426,-0.06762295081967212,0.17658811475409836,0.17658811475409836,-0.15768442622950818
side,93,0.06999999999999995,0.06000000000000005,0.16799999999999987,0.14400000000000013,-0.24467213114754097,-0.0694672131147541,0.1646465163934426,0.1646465163934426,-0.15706967213114753
side,94,0.06000000000000005,0.050000000000000044,0.14400000000000013,0.1200000000000001,-0.2459016393442623,-0.011065573770491803,0.2140420081967213,0.21023053278688525,-0.12848360655737703
side,95,0.050000000000000044,0.040000000000000036,0.1200000000000001,0.09600000000000009,-0.2526639344262295,-0.001844262295081967,0.24341188524590163,0.24341188524590163,-0.12725409836065574
side,96,0.040000000000000036,0.030000000000000027,0.09600000000000009,0.07200000000000006,-0.2526639344262295,0.08668032786885245,0.2739497950819672,0.27344262295081967,-0.08299180327868852
side,97,0.030000000000000027,0.020000000000000018,0.07200000000000006,0.04800000000000004,-0.2618852459016393,0.12971311475409836,0.36371926229508195,0.36371926229508195,-0.06608606557377049
side,98,0.020000000000000018,0.010000000000000009,0.04800000000000004,0.02400000000000002,-0.26311475409836066,0.14938524590163935,0.40329405737704915,0.3856045081967213,-0.056864754098360656
side,99,0.010000000000000009,0.0,0.02400000000000002,0.0,-0.26004098360655736,0.15184426229508197,0.28646004098360656,0.24659323770491803,-0.054098360655737705
back,0,1.0,0.99,2.4,2.376,-0.32827868852459013,-0.21762295081967212,0.06425717213114754,0.0636577868852459,-0.27295081967213114
back,1,0.99,0.98,2.376,2.352,-0.36946721311475406,-0.04672131147540983,0.24943647540983604,0.15298155737704916,-0.20809426229508196
back,2,0.98,0.97,2.352,2.328,-0.37008196721311476,0.016598360655737703,0.2445952868852459,0.2035604508196721,-0.17674180327868852
back,3,0.97,0.96,2.328,2.304,-0.20901639344262293,0.016598360655737703,0.21642418032786884,0.14552766393442623,-0.09620901639344262
back,4,0.96,0.95,2.304,2.28,-0.20471311475409834,0.019672131147540982,0.2178995901639344,0.12645491803278688,-0.09252049180327869
back,5,0.95,0.94,2.28,2.256,-0.2096311475409836,0.02581967213114754,0.23070184426229506,0.09782274590163934,-0.09190573770491803
back,6,0.94,0.9299999999999999,2.256,2.2319999999999998,-0.20594262295081966,0.030737704918032786,0.1802612704918033,0.08088627049180326,-0.08760245901639344
back,7,0.9299999999999999,0.92,2.2319999999999998,2.208,-0.14385245901639343,0.03381147540983606,0.1736372950819672,0.08280737704918031,-0.055020491803278684
back,8,0.92,0.91,2.208,2.184,-0.13709016393442622,0.036885245901639344,0.1699026639344262,0.09691598360655737,-0.05010245901639344
back,9,0.91,0.9,2.184,2.16,-0.14016393442622951,0.04180327868852459,0.17592725409836066,0.12093749999999999,-0.04918032786885246
back,10,0.9,0.89,2.16,2.136,-0.14200819672131146,0.07561475409836065,0.18107581967213116,0.1567469262295082,-0.033196721311475406
back,11,0.89,0.88,2.136,2.112,-0.1567622950819672,0.08545081967213114,0.23276127049180326,0.2292879098360656,-0.035655737704918034
back,12,0.88,0.87,2.112,2.088,-0.24467213114754097,0.07561475409836065,0.2598760495801679,0.25041483406637344,-0.08452868852459015
back,13,0.87,0.86,2.088,2.064,-0.24467213114754097,0.014754098360655736,0.21876024590163934,0.2143954918032787,-0.11495901639344262
back,14,0.86,0.85,2.064,2.04,-0.1801229508196721,0.011680327868852458,0.1815829918032787,0.1815829918032787,-0.08422131147540983
back,15,0.85,0.84,2.04,2.016,-0.1918032786885246,0.0049180327868852455,0.18799180327868853,0.18799180327868853,-0.09344262295081966
back,16,0.84,0.83,2.016,1.9919999999999998,-0.20102459016393442,0.001844262295081967,0.19206454918032786,0.19206454918032786,-0.09959016393442623
back,17,0.83,0.8200000000000001,1.9919999999999998,1.968,-0.21454918032786885,-0.001844262295081967,0.19879610655737703,0.19879610655737703,-0.10819672131147541
back,18,0.8200000000000001,0.81,1.968,1.944,-0.18565573770491803,0.014754098360655736,0.16532274590163934,0.1568545081967213,-0.08545081967213114
back,19,0.81,0.8,1.944,1.92,-0.1610655737704918,-0.020286885245901637,0.11323770491803277,0.1113780737704918,-0.09067622950819672
back,20,0.8,0.79,1.92,1.896,-0.13217213114754098,-0.017213114754098358,0.11331454918032785,0.11331454918032785,-0.07469262295081967
back,21,0.79,0.78,1.896,1.8719999999999999,-0.13217213114754098,-0.011680327868852458,0.11800204918032786,0.11800204918032786,-0.07192622950819672
back,22,0.78,0.77,1.8719999999999999,1.8479999999999999,-0.1346311475409836,-0.0043032786885245896,0.12594774590163935,0.12594774590163935,-0.0694672131147541
back,23,0.77,0.76,1.8479999999999999,1.8239999999999998,-0.1389344262295082,0.1543032786885246,0.22964139344262294,0.18570184426229508,0.007684426229508197
back,24,0.76,0.75,1.8239999999999998,1.7999999999999998,-0.14200819672131146,0.19733606557377048,0.3102202868852459,0.3061014344262295,0.027663934426229508
back,25,0.75,0.74,1.7999999999999998,1.776,-0.15737704918032785,0.24221311475409835,0.36560963114754097,0.36560963114754097,0.042418032786885246
back,26,0.74,0.73,1.776,1.752,-0.16967213114754098,0.26311475409836066,0.4183247950819672,0.4183247950819672,0.04672131147540983
back,27,0.73,0.72,1.752,1.728,-0.24774590163934426,0.2747950819672131,0.4587295081967213,0.4578688524590163,0.013524590163934426
back,28,0.72,0.71,1.728,1.704,-0.2747950819672131,0.28893442622950816,0.5457479508196721,0.545640368852459,0.007069672131147541
back,29,0.71,0.7,1.704,1.68,-0.29754098360655734,0.29385245901639345,0.5782377049180327,0.5782377049180327,-0.001844262295081967
back,30,0.7,0.69,1.68,1.656,-0.3122950819672131,0.29938524590163934,0.5988780737704917,0.5988780737704917,-0.006454918032786885
back,31,0.69,0.6799999999999999,1.656,1.632,-0.3202868852459016,0.31168032786885247,0.6229610655737705,0.6229610655737705,-0.0043032786885245896
back,32,0.6799999999999999,0.6699999999999999,1.632,1.6079999999999999,-0.3202868852459016,0.3147540983606557,0.6331352459016394,0.6331352459016394,-0.0027663934426229507
back,33,0.6699999999999999,0.6599999999999999,1.6079999999999999,1.5839999999999999,-0.31721311475409836,0.317827868852459,0.6334579918032787,0.6334579918032787,0.00030737704918032784
back,34,0.6599999999999999,0.65,1.5839999999999999,1.56,-0.31536885245901636,0.32274590163934425,0.635625,0.635625,0.003688524590163934
back,35,0.65,0.64,1.56,1.536,-0.3122950819672131,0.3276639344262295,0.6352868852459017,0.6352868852459017,0.007684426229508197
back,36,0.64,0.63,1.536,1.512,-0.3030737704918033,0.3344262295081967,0.6273719262295081,0.6273719262295081,0.01567622950819672
back,37,0.63,0.62,1.512,1.488,-0.28954918032786886,0.335655737704918,0.6234506197520991,0.6221761295481807,0.023053278688524588
back,38,0.62,0.61,1.488,1.464,-0.28647540983606556,0.3325819672131147,0.606654713114754,0.5923463114754097,0.023053278688524588
back,39,0.61,0.6,1.464,1.44,-0.28647540983606556,0.30061475409836064,0.5825717213114754,0.5825717213114754,0.007069672131147541
back,40,0.6,0.5900000000000001,1.44,1.4160000000000001,-0.2926229508196721,0.2987704918032787,0.5900563524590164,0.5900563524590164,0.0030737704918032786
back,41,0.5900000000000001,0.5800000000000001,1.4160000000000001,1.3920000000000001,-0.2913934426229508,0.3079918032786885,0.5904252049180327,0.5904252049180327,0.008299180327868852
back,42,0.5800000000000001,0.5700000000000001,1.3920000000000001,1.368,-0.2901639344262295,0.3245901639344262,0.602843237704918,0.602843237704918,0.017213114754098358
back,43,0.5700000000000001,0.56,1.368,1.344,-0.3043032786885246,0.36270491803278687,0.6563422131147542,0.6503637295081967,0.029200819672131145
back,44,0.56,0.55,1.344,1.32,-0.3584016393442623,0.3645491803278688,0.7070440573770491,0.701219262295082,0.0030737704918032786
back,45,0.55,0.54,1.32,1.296,-0.3633196721311475,0.3645491803278688,0.725640368852459,0.725640368852459,0.0006147540983606557
back,46,0.54,0.53,1.296,1.272,-0.3663934426229508,0.3676229508196721,0.7301588114754097,0.7301588114754097,0.0006147540983606557
back,47,0.53,0.52,1.272,1.248,-0.36823770491803276,0.36946721311475406,0.7360450819672131,0.7360450819672131,0.0006147540983606557
back,48,0.52,0.51,1.248,1.224,-0.3762295081967213,0.37254098360655735,0.7451280737704918,0.7440522540983606,-0.001844262295081967
back,49,0.51,0.5,1.224,1.2,-0.37807377049180324,0.37254098360655735,0.7493545081967213,0.7493545081967213,-0.0027663934426229507
back,50,0.5,0.49,1.2,1.176,-0.37807377049180324,0.36946721311475406,0.7461731557377049,0.7461731557377049,-0.0043032786885245896
back,51,0.49,0.48,1.176,1.152,-0.38114754098360654,0.3676229508196721,0.7452356557377049,0.7452356557377049,-0.006762295081967213
back,52,0.48,0.47,1.152,1.128,-0.38422131147540983,0.3645491803278688,0.7483709016393442,0.7483709016393442,-0.009836065573770491
back,53,0.47,0.45999999999999996,1.128,1.1039999999999999,-0.3829918032786885,0.3645491803278688,0.7471874999999999,0.7392264344262294,-0.009221311475409836
back,54,0.45999999999999996,0.44999999999999996,1.1039999999999999,1.0799999999999998,-0.38422131147540983,0.3645491803278688,0.7482018442622951,0.7221055327868852,-0.009836065573770491
back,55,0.44999999999999996,0.43999999999999995,1.0799999999999998,1.0559999999999998,-0.3872950819672131,0.37254098360655735,0.7555327868852458,0.7271004098360655,-0.007377049180327868
back,56,0.43999999999999995,0.43000000000000005,1.0559999999999998,1.032,-0.390983606557377,0.37438524590163935,0.7626024590163935,0.7366752049180327,-0.008299180327868852
back,57,0.43000000000000005,0.42000000000000004,1.032,1.008,-0.3971311475409836,0.37438524590163935,0.7664293032786884,0.7384426229508196,-0.01137295081967213
back,58,0.42000000000000004,0.41000000000000003,1.008,0.984,-0.4051229508196721,0.3676229508196721,0.765968237704918,0.7268237704918032,-0.01875
back,59,0.41000000000000003,0.4,0.984,0.96,-0.4051229508196721,0.38237704918032783,0.779047131147541,0.7348155737704918,-0.01137295081967213
back,60,0.4,0.39,0.96,0.9359999999999999,-0.40020491803278685,0.3965163934426229,0.779984631147541,0.7415625,-0.001844262295081967
back,61,0.39,0.38,0.9359999999999999,0.9119999999999999,-0.390983606557377,0.3995901639344262,0.7896670081967213,0.7543032786885245,0.0043032786885245896
back,62,0.38,0.37,0.9119999999999999,0.888,-0.3952868852459016,0.40635245901639344,0.7972760895641744,0.757017193122751,0.005532786885245901
back,63,0.37,0.36,0.888,0.864,-0.3971311475409836,0.40635245901639344,0.7953073770491803,0.7558094262295082,0.004610655737704918
back,64,0.36,0.35,0.864,0.84,-0.3952868852459016,0.3995901639344262,0.7852100409836066,0.7384733606557377,0.0021516393442622948
back,65,0.35,0.33999999999999997,0.84,0.816,-0.3793032786885246,0.40635245901639344,0.781951844262295,0.735983606557377,0.013524590163934426
back,66,0.33999999999999997,0.32999999999999996,0.816,0.7919999999999999,-0.3762295081967213,0.4204918032786885,0.7772028688524589,0.717126024590164,0.022131147540983605
back,67,0.32999999999999996,0.31999999999999995,0.7919999999999999,0.7679999999999999,-0.3540983606557377,0.43524590163934423,0.7506608606557377,0.6425102459016394,0.040573770491803274
back,68,0.31999999999999995,0.31000000000000005,0.7679999999999999,0.7440000000000001,-0.27540983606557373,0.4579918032786885,0.7210450819672132,0.5563217213114754,0.09129098360655737
back,69,0.31000000000000005,0.30000000000000004,0.7440000000000001,0.7200000000000001,-0.27848360655737703,0.467827868852459,0.740563524590164,0.533483606557377,0.09467213114754099
back,70,0.30000000000000004,0.29000000000000004,0.7200000000000001,0.6960000000000001,-0.2815573770491803,0.4770491803278688,0.7536731557377049,0.5516649590163935,0.09774590163934425
back,71,0.29000000000000004,0.28,0.6960000000000001,0.672,-0.2815573770491803,0.48504098360655734,0.7634631147540983,0.5581967213114754,0.10174180327868852
back,72,0.28,0.27,0.672,0.648,-0.2815573770491803,0.48934426229508193,0.7677356557377049,0.5671875,0.10389344262295082
back,73,0.27,0.26,0.648,0.624,-0.2766393442622951,0.49118852459016393,0.7600051229508197,0.576577868852459,0.10727459016393442
back,74,0.26,0.25,0.624,0.6,-0.26434426229508196,0.4143442622950819,0.6690522540983607,0.5698463114754099,0.075
back,75,0.25,0.24,0.6,0.576,-0.24344262295081967,0.4125,0.6499948770491804,0.5450563524590164,0.08452868852459015
back,76,0.24,0.22999999999999998,0.576,0.5519999999999999,-0.23360655737704916,0.4143442622950819,0.6420645491803278,0.5198975409836065,0.0903688524590164
back,77,0.22999999999999998,0.21999999999999997,0.5519999999999999,0.5279999999999999,-0.22377049180327868,0.4155737704918033,0.6247745901639343,0.4864702868852459,0.0959016393442623
back,78,0.21999999999999997,0.20999999999999996,0.5279999999999999,0.5039999999999999,-0.1997950819672131,0.4137295081967213,0.6077920081967213,0.45789959016393444,0.10696721311475409
back,79,0.20999999999999996,0.19999999999999996,0.5039999999999999,0.47999999999999987,-0.19364754098360654,0.41065573770491803,0.6017520491803279,0.43569159836065574,0.10850409836065573
back,80,0.19999999999999996,0.18999999999999995,0.47999999999999987,0.45599999999999985,-0.18811475409836065,0.4112704918032787,0.5965573770491803,0.4071209016393442,0.11157786885245902
back,81,0.18999999999999995,0.18000000000000005,0.45599999999999985,0.4320000000000001,-0.18381147540983606,0.4112704918032787,0.5926075819672131,0.3692827868852459,0.11372950819672131
back,82,0.18000000000000005,0.17000000000000004,0.4320000000000001,0.4080000000000001,-0.18381147540983606,0.40635245901639344,0.5883811475409836,0.32140881147540984,0.11127049180327868
back,83,0.17000000000000004,0.16000000000000003,0.4080000000000001,0.38400000000000006,-0.18381147540983606,0.40450819672131144,0.5871362704918033,0.2778073770491803,0.1103483606557377
back,84,0.16000000000000003,0.15000000000000002,0.38400000000000006,0.36000000000000004,-0.18688524590163932,0.4014344262295082,0.5850922131147541,0.24190573770491802,0.10727459016393442
back,85,0.15000000000000002,0.14,0.36000000000000004,0.336,-0.1918032786885246,0.3983606557377049,0.586029713114754,0.21886782786885242,0.10327868852459016
back,86,0.14,0.13,0.336,0.312,-0.19795081967213113,0.3952868852459016,0.5879508196721311,0.2136577868852459,0.09866803278688524
back,87,0.13,0.12,0.312,0.288,-0.2262295081967213,0.39036885245901637,0.5955317872850859,0.21907736905237904,0.08206967213114753
back,88,0.12,0.10999999999999999,0.288,0.26399999999999996,-0.24774590163934426,0.390983606557377,0.6242827868852459,0.2515266393442623,0.07161885245901639
back,89,0.10999999999999999,0.09999999999999998,0.26399999999999996,0.23999999999999994,-0.2526639344262295,0.40327868852459015,0.6495952868852458,0.3008606557377049,0.07530737704918032
back,90,0.09999999999999998,0.08999999999999997,0.23999999999999994,0.21599999999999991,-0.2526639344262295,0.40450819672131144,0.6571721311475409,0.3194108606557377,0.07592213114754098
back,91,0.08999999999999997,0.07999999999999996,0.21599999999999991,0.1919999999999999,-0.2514344262295082,0.4094262295081967,0.6566956967213113,0.3143852459016393,0.07899590163934427
back,92,0.07999999999999996,0.06999999999999995,0.1919999999999999,0.16799999999999987,-0.2575819672131147,0.4155737704918033,0.6677766393442622,0.30634733606557374,0.07899590163934427
back,93,0.06999999999999995,0.06000000000000005,0.16799999999999987,0.14400000000000013,-0.2883196721311475,0.42540983606557375,0.6980993852459016,0.3322745901639344,0.06854508196721311
back,94,0.06000000000000005,0.050000000000000044,0.14400000000000013,0.1200000000000001,-0.2913934426229508,0.430327868852459,0.7180020491803278,0.36660860655737704,0.0694672131147541
back,95,0.050000000000000044,0.040000000000000036,0.1200000000000001,0.09600000000000009,-0.3221311475409836,0.4358606557377049,0.7360911885245901,0.3821004098360655,0.056864754098360656
back,96,0.040000000000000036,0.030000000000000027,0.09600000000000009,0.07200000000000006,-0.34918032786885245,0.46598360655737703,0.798857581967213,0.4412858606557377,0.05840163934426229
back,97,0.030000000000000027,0.020000000000000018,0.07200000000000006,0.04800000000000004,-0.355327868852459,0.4733606557377049,0.8237704918032787,0.4742366803278688,0.059016393442622946
back,98,0.020000000000000018,0.010000000000000009,0.04800000000000004,0.02400000000000002,-0.355327868852459,0.4733606557377049,0.7986116803278689,0.4430993852459016,0.059016393442622946
back,99,0.010000000000000009,0.0,0.02400000000000002,0.0,-0.3055327868852459,0.4493852459016393,0.555076844262295,0.21147540983606555,0.07192622950819672
