slice,h_norm_top,h_m_top,h_m_bot,ref_outer_w_m,model_outer_w_m,err_outer_m,ref_solid_w_m,model_solid_w_m,err_solid_m,err_xmin_m,err_xmax_m
0,1.00000,2.40000,2.37600,0.06426,0.06152,-0.00274,0.06366,0.05594,-0.00772,-0.03873,-0.04795
1,0.99000,2.37600,2.35200,0.24944,0.21367,-0.03576,0.15298,0.06435,-0.08863,0.00246,0.05656
2,0.98000,2.35200,2.32800,0.24460,0.26954,0.02494,0.20356,0.15527,-0.04829,0.10266,0.01168
3,0.97000,2.32800,2.30400,0.21642,0.23288,0.01646,0.14553,0.17448,0.02895,-0.01660,0.00922
4,0.96000,2.30400,2.28000,0.21790,0.22465,0.00675,0.12645,0.10546,-0.02099,0.00000,0.00184
5,0.95000,2.28000,2.25600,0.23070,0.22048,-0.01022,0.09782,0.10300,0.00518,0.00799,-0.00369
6,0.94000,2.25600,2.23200,0.18026,0.21003,0.02977,0.08089,0.09461,0.01372,0.01291,-0.00738
7,0.93000,2.23200,2.20800,0.17364,0.19606,0.02242,0.08281,0.10133,0.01852,-0.03627,-0.01045
8,0.92000,2.20800,2.18400,0.16990,0.18002,0.01011,0.09692,0.11942,0.02250,-0.02643,-0.01045
9,0.91000,2.18400,2.16000,0.17593,0.15927,-0.01666,0.12094,0.12101,0.00008,-0.00553,-0.01721
10,0.90000,2.16000,2.13600,0.18108,0.17121,-0.00987,0.15675,0.16332,0.00658,-0.05041,-0.03689
11,0.89000,2.13600,2.11200,0.23276,0.25890,0.02614,0.22929,0.25890,0.02962,-0.06885,-0.03689
12,0.88000,2.11200,2.08800,0.25988,0.29213,0.03225,0.25041,0.29213,0.04171,-0.00061,0.00430
13,0.87000,2.08800,2.06400,0.21876,0.22698,0.00822,0.21440,0.22698,0.01259,0.04180,0.01045
14,0.86000,2.06400,2.04000,0.18158,0.20860,0.02702,0.18158,0.20860,0.02702,-0.01967,0.01045
15,0.85000,2.04000,2.01600,0.18799,0.20270,0.01471,0.18799,0.20270,0.01471,0.00123,0.00861
16,0.84000,2.01600,1.99200,0.19206,0.19707,0.00501,0.19206,0.19707,0.00501,0.01352,0.00799
17,0.83000,1.99200,1.96800,0.19880,0.18827,-0.01053,0.19880,0.18827,-0.01053,0.02828,0.01045
18,0.82000,1.96800,1.94400,0.16532,0.14342,-0.02190,0.15685,0.14342,-0.01343,0.00984,-0.01660
19,0.81000,1.94400,1.92000,0.11324,0.12480,0.01156,0.11138,0.12480,0.01342,0.01967,0.00861
20,0.80000,1.92000,1.89600,0.11331,0.12400,0.01068,0.11331,0.12400,0.01068,-0.00307,0.01045
21,0.79000,1.89600,1.87200,0.11800,0.12309,0.00509,0.11800,0.12309,0.00509,0.00246,0.01045
22,0.78000,1.87200,1.84800,0.12595,0.12218,-0.00377,0.12595,0.12218,-0.00377,0.01107,0.00922
23,0.77000,1.84800,1.82400,0.22964,0.19558,-0.03406,0.18570,0.19534,0.00964,0.02275,-0.02643
24,0.76000,1.82400,1.80000,0.31022,0.26310,-0.04712,0.30610,0.26310,-0.04300,0.01721,-0.03012
25,0.75000,1.80000,1.77600,0.36561,0.34014,-0.02547,0.36561,0.33804,-0.02757,0.01291,-0.02705
26,0.74000,1.77600,1.75200,0.41832,0.37489,-0.04343,0.41832,0.37489,-0.04343,0.01475,-0.02889
27,0.73000,1.75200,1.72800,0.45873,0.41579,-0.04294,0.45787,0.41230,-0.04557,0.01906,-0.02213
28,0.72000,1.72800,1.70400,0.54575,0.51984,-0.02591,0.54564,0.51541,-0.03023,0.00000,-0.01721
29,0.71000,1.70400,1.68000,0.57824,0.56527,-0.01297,0.57824,0.56527,-0.01297,0.00492,-0.00615
30,0.70000,1.68000,1.65600,0.59888,0.59328,-0.00559,0.59888,0.59328,-0.00559,0.00799,-0.00061
31,0.69000,1.65600,1.63200,0.62296,0.61222,-0.01074,0.62296,0.61222,-0.01074,0.00799,-0.00553
32,0.68000,1.63200,1.60800,0.63314,0.62433,-0.00881,0.63314,0.62433,-0.00881,0.00307,-0.00369
33,0.67000,1.60800,1.58400,0.63346,0.63100,-0.00246,0.63346,0.63100,-0.00246,-0.00123,-0.00430
34,0.66000,1.58400,1.56000,0.63562,0.63301,-0.00261,0.63562,0.63301,-0.00261,-0.00307,-0.00799
35,0.65000,1.56000,1.53600,0.63529,0.63103,-0.00426,0.63529,0.63103,-0.00426,-0.00492,-0.01291
36,0.64000,1.53600,1.51200,0.62737,0.62550,-0.00187,0.62737,0.62550,-0.00187,-0.01107,-0.02029
37,0.63000,1.51200,1.48800,0.62345,0.61588,-0.00757,0.62218,0.61588,-0.00630,-0.01783,-0.02275
38,0.62000,1.48800,1.46400,0.60665,0.60207,-0.00458,0.59235,0.60207,0.00973,-0.01045,-0.02029
39,0.61000,1.46400,1.44000,0.58257,0.58428,0.00171,0.58257,0.58428,0.00171,0.00553,0.01230
40,0.60000,1.44000,1.41600,0.59006,0.58703,-0.00303,0.59006,0.58703,-0.00303,0.02029,0.02275
41,0.59000,1.41600,1.39200,0.59043,0.60579,0.01537,0.59043,0.60579,0.01537,0.01352,0.03197
42,0.58000,1.39200,1.36800,0.60284,0.65169,0.04884,0.60284,0.65169,0.04884,-0.03258,0.02766
43,0.57000,1.36800,1.34400,0.65634,0.69181,0.03547,0.65036,0.69181,0.04145,-0.04119,-0.00246
44,0.56000,1.34400,1.32000,0.70704,0.71531,0.00827,0.70122,0.71531,0.01409,0.00061,0.00061
45,0.55000,1.32000,1.29600,0.72564,0.73005,0.00441,0.72564,0.73005,0.00441,-0.00369,0.00307
46,0.54000,1.29600,1.27200,0.73016,0.73835,0.00819,0.73016,0.73835,0.00819,-0.00553,0.00123
47,0.53000,1.27200,1.24800,0.73605,0.74379,0.00775,0.73605,0.74379,0.00775,-0.00738,0.00000
48,0.52000,1.24800,1.22400,0.74513,0.74680,0.00168,0.74405,0.74680,0.00275,-0.00184,-0.00246
49,0.51000,1.22400,1.20000,0.74935,0.74876,-0.00060,0.74935,0.74876,-0.00060,-0.00123,-0.00307
50,0.50000,1.20000,1.17600,0.74617,0.75009,0.00392,0.74617,0.75009,0.00392,-0.00246,0.00000
51,0.49000,1.17600,1.15200,0.74524,0.75055,0.00532,0.74524,0.75055,0.00532,0.00000,0.00184
52,0.48000,1.15200,1.12800,0.74837,0.75072,0.00235,0.74837,0.75072,0.00235,0.00246,0.00430
53,0.47000,1.12800,1.10400,0.74719,0.75066,0.00347,0.73923,0.75066,0.01143,0.00061,0.00369
54,0.46000,1.10400,1.08000,0.74820,0.75045,0.00224,0.72211,0.74800,0.02590,0.00123,0.00307
55,0.45000,1.08000,1.05600,0.75553,0.75049,-0.00504,0.72710,0.74468,0.01758,0.00369,-0.00553
56,0.44000,1.05600,1.03200,0.76260,0.75061,-0.01199,0.73668,0.74179,0.00512,0.00676,-0.00799
57,0.43000,1.03200,1.00800,0.76643,0.75041,-0.01601,0.73844,0.73927,0.00083,0.01230,-0.00861
58,0.42000,1.00800,0.98400,0.76643,0.74679,-0.01964,0.72728,0.73117,0.00389,0.02582,-0.00369
59,0.41000,0.98400,0.96000,0.78499,0.75352,-0.03148,0.74044,0.72962,-0.01082,0.02766,-0.00738
60,0.40000,0.96000,0.93600,0.77998,0.76626,-0.01372,0.74156,0.74270,0.00114,0.01598,-0.00553
61,0.39000,0.93600,0.91200,0.78967,0.77978,-0.00988,0.75430,0.77398,0.01967,0.00676,0.00000
62,0.38000,0.91200,0.88800,0.79728,0.78922,-0.00805,0.75702,0.78922,0.03221,0.00676,0.00123
63,0.37000,0.88800,0.86400,0.79531,0.80351,0.00821,0.75581,0.76071,0.00490,0.00430,0.00984
64,0.36000,0.86400,0.84000,0.78521,0.81401,0.02880,0.73847,0.72555,-0.01293,0.00184,0.02459
65,0.35000,0.84000,0.81600,0.78195,0.82050,0.03855,0.73598,0.71968,-0.01631,-0.01352,0.02582
66,0.34000,0.81600,0.79200,0.77720,0.82240,0.04520,0.71713,0.70870,-0.00842,-0.01291,0.01967
67,0.33000,0.79200,0.76800,0.75066,0.81778,0.06712,0.64251,0.69155,0.04904,-0.02643,0.01291
68,0.32000,0.76800,0.74400,0.72105,0.78670,0.06566,0.55632,0.63808,0.08176,-0.08791,-0.00061
69,0.31000,0.74400,0.72000,0.74056,0.74647,0.00590,0.53348,0.59630,0.06281,-0.00553,0.00000
70,0.30000,0.72000,0.69600,0.75367,0.75177,-0.00191,0.55166,0.59173,0.04007,-0.00061,-0.00492
71,0.29000,0.69600,0.67200,0.76346,0.74488,-0.01858,0.55820,0.57599,0.01780,0.00246,-0.01352
72,0.28000,0.67200,0.64800,0.76774,0.72659,-0.04114,0.56719,0.54962,-0.01757,0.00738,-0.02766
73,0.27000,0.64800,0.62400,0.77032,0.70377,-0.06655,0.58365,0.51893,-0.06472,0.00861,-0.06270
74,0.26000,0.62400,0.60000,0.72904,0.67749,-0.05155,0.57469,0.48498,-0.08971,0.00307,-0.08668
75,0.25000,0.60000,0.57600,0.64999,0.65888,0.00888,0.54506,0.45988,-0.08517,-0.00984,-0.00061
76,0.24000,0.57600,0.55200,0.64206,0.64732,0.00526,0.51990,0.44268,-0.07721,-0.01230,-0.00861
77,0.23000,0.55200,0.52800,0.62477,0.63859,0.01382,0.48647,0.42730,-0.05917,-0.01537,-0.01291
78,0.22000,0.52800,0.50400,0.60779,0.62980,0.02201,0.45790,0.41015,-0.04775,-0.03258,-0.01168
79,0.21000,0.50400,0.48000,0.60175,0.61727,0.01552,0.43569,0.38706,-0.04863,-0.03074,-0.01352
80,0.20000,0.48000,0.45600,0.59656,0.60813,0.01157,0.40712,0.36745,-0.03967,-0.02828,-0.01414
81,0.19000,0.45600,0.43200,0.59261,0.59832,0.00572,0.36928,0.34343,-0.02585,-0.02213,-0.01230
82,0.18000,0.43200,0.40800,0.58838,0.58864,0.00026,0.32141,0.31960,-0.00181,-0.00984,-0.00615
83,0.17000,0.40800,0.38400,0.58714,0.58417,-0.00297,0.27781,0.29175,0.01394,-0.00061,-0.00430
84,0.16000,0.38400,0.36000,0.58509,0.58578,0.00069,0.24191,0.26982,0.02791,-0.00123,-0.00123
85,0.15000,0.36000,0.33600,0.58603,0.59055,0.00452,0.21887,0.26313,0.04426,-0.00369,0.00061
86,0.14000,0.33600,0.31200,0.58795,0.59696,0.00901,0.21366,0.25964,0.04598,-0.00615,0.00246
87,0.13000,0.31200,0.28800,0.59553,0.60714,0.01161,0.21908,0.26073,0.04165,0.00922,0.00615
88,0.12000,0.28800,0.26400,0.62428,0.62127,-0.00301,0.25153,0.26759,0.01606,0.01721,0.00615
89,0.11000,0.26400,0.24000,0.64960,0.63452,-0.01508,0.30086,0.27555,-0.02531,0.01168,-0.00430
90,0.10000,0.24000,0.21600,0.65717,0.64549,-0.01168,0.31941,0.28200,-0.03741,0.00492,-0.00246
91,0.09000,0.21600,0.19200,0.65670,0.65522,-0.00148,0.31439,0.28998,-0.02441,-0.00061,-0.00184
92,0.08000,0.19200,0.16800,0.66778,0.66871,0.00094,0.30635,0.30767,0.00132,-0.01783,-0.00246
93,0.07000,0.16800,0.14400,0.69810,0.72713,0.02903,0.33227,0.36984,0.03756,-0.02398,0.01660
94,0.06000,0.14400,0.12000,0.71800,0.77393,0.05593,0.36661,0.42793,0.06132,-0.03689,0.02582
95,0.05000,0.12000,0.09600,0.73609,0.79186,0.05577,0.38210,0.46369,0.08159,-0.01230,0.02582
96,0.04000,0.09600,0.07200,0.79886,0.79214,-0.00672,0.44129,0.46439,0.02310,0.01537,-0.00430
97,0.03000,0.07200,0.04800,0.82377,0.77504,-0.04873,0.47424,0.43007,-0.04417,0.02705,-0.01660
98,0.02000,0.04800,0.02400,0.79861,0.77052,-0.02809,0.44310,0.42103,-0.02207,0.03074,-0.02029
99,0.01000,0.02400,0.00000,0.55508,0.70936,0.15429,0.21148,0.29882,0.08734,-0.01168,-0.00246
